SegmentoCompetitivo,GrupoInstitucion,Instituciones,TotalBase,P1RegularBase,AnioBase,EstadoBase,Regla
"CFT (otros)",CFT CENCO,CFT CENCO,5093,439,2026,Activo 2026,CFT no perteneciente a una marca competitiva nominada.
"CFT (otros)",CFT MANPOWER,CFT MANPOWER,1102,345,2026,Activo 2026,CFT no perteneciente a una marca competitiva nominada.
"CFT (otros)",PUCV,CFT PUCV,667,328,2026,Activo 2026,CFT no perteneciente a una marca competitiva nominada.
"CFT (otros)",CFT DE ENAC,CFT DE ENAC,609,291,2026,Activo 2026,CFT no perteneciente a una marca competitiva nominada.
"CFT (otros)",CFT DEL MEDIO AMBIENTE,CFT DEL MEDIO AMBIENTE,282,173,2026,Activo 2026,CFT no perteneciente a una marca competitiva nominada.
"CFT (otros)",CFT PRODATA,CFT PRODATA,222,92,2026,Activo 2026,CFT no perteneciente a una marca competitiva nominada.
"CFT (otros)",CFT ESCUELA CULINARIA FRANCESA,CFT ESCUELA CULINARIA FRANCESA,103,1,2026,Activo 2026,CFT no perteneciente a una marca competitiva nominada.
"CFT (otros)",CFT ACADEMIA CHILENA DE YOGA,CFT ACADEMIA CHILENA DE YOGA,85,20,2026,Activo 2026,CFT no perteneciente a una marca competitiva nominada.
"CFT (otros)",CFT ALPES,CFT ALPES,51,30,2026,Activo 2026,CFT no perteneciente a una marca competitiva nominada.
"CFT (otros)",CFT DE LA REGION DE MAGALLANES Y ANTARTICA CHILENA,CFT DE LA REGION DE MAGALLANES Y ANTARTICA CHILENA,16,6,2026,Activo 2026,CFT no perteneciente a una marca competitiva nominada.
"CFT (otros)",CFT JUAN BOHON,CFT JUAN BOHON,11,11,2026,Activo 2026,CFT no perteneciente a una marca competitiva nominada.
"CFT (otros)",CFT ASISTE,CFT ASISTE,0,0,2026,Sin matrícula válida 2026,CFT no perteneciente a una marca competitiva nominada.
"CFT (otros)",CFT DE LA REGION METROPOLITANA DE SANTIAGO,CFT DE LA REGION METROPOLITANA DE SANTIAGO,0,0,2026,Sin matrícula válida 2026,CFT no perteneciente a una marca competitiva nominada.
"CFT (otros)",CFT INSTITUTO CENTRAL DE CAPACITACION EDUCACIONAL ICCE,CFT INSTITUTO CENTRAL DE CAPACITACION EDUCACIONAL ICCE,0,0,2026,Sin matrícula válida 2026,CFT no perteneciente a una marca competitiva nominada.
"CFT (otros)",CFT TEODORO WICKEL KLUWEN,CFT TEODORO WICKEL KLUWEN,0,0,2026,Sin matrícula válida 2026,CFT no perteneciente a una marca competitiva nominada.
Otros competidores,IP DIEGO PORTALES,IP DIEGO PORTALES,1599,222,2026,Activo 2026,Grupo IP con menos de 900 matrículas regulares de primer año en 2026.
Otros competidores,IP EATRI,IP EATRI,338,110,2026,Activo 2026,Grupo IP con menos de 900 matrículas regulares de primer año en 2026.
Otros competidores,IP DR. VIRGINIO GOMEZ G.,IP DR. VIRGINIO GOMEZ G.,154,36,2026,Activo 2026,Grupo IP con menos de 900 matrículas regulares de primer año en 2026.
Otros competidores,IP PROJAZZ,IP PROJAZZ,123,24,2026,Activo 2026,Grupo IP con menos de 900 matrículas regulares de primer año en 2026.
Otros competidores,IP CHILENO BRITANICO DE CULTURA,IP CHILENO BRITANICO DE CULTURA,74,33,2026,Activo 2026,Grupo IP con menos de 900 matrículas regulares de primer año en 2026.
Otros competidores,IP ESCUELA MODERNA DE MUSICA,IP ESCUELA MODERNA DE MUSICA,46,18,2026,Activo 2026,Grupo IP con menos de 900 matrículas regulares de primer año en 2026.
Otros competidores,IP ESCUELA DE MARINA MERCANTE PILOTO PARDO,IP ESCUELA DE MARINA MERCANTE PILOTO PARDO,21,7,2026,Activo 2026,Grupo IP con menos de 900 matrículas regulares de primer año en 2026.
Otros competidores,IP DEL VALLE CENTRAL,IP DEL VALLE CENTRAL,0,0,2026,Sin matrícula válida 2026,Grupo IP con menos de 900 matrículas regulares de primer año en 2026.
Otros competidores,IP LIBERTADOR DE LOS ANDES,IP LIBERTADOR DE LOS ANDES,0,0,2026,Sin matrícula válida 2026,Grupo IP con menos de 900 matrículas regulares de primer año en 2026.
"U (otras)",UNIVERSIDAD GABRIELA MISTRAL,UNIVERSIDAD GABRIELA MISTRAL,3496,38,2026,Activo 2026,Grupo exclusivamente universitario con menos de 70 matrículas regulares de primer año en 2026.
"U (otras)",UNIVERSIDAD CENTRAL DE CHILE,UNIVERSIDAD CENTRAL DE CHILE,2149,1,2026,Activo 2026,Grupo exclusivamente universitario con menos de 70 matrículas regulares de primer año en 2026.
"U (otras)",UNIVERSIDAD DEL ALBA,UNIVERSIDAD DEL ALBA,2110,0,2026,Activo 2026,Grupo exclusivamente universitario con menos de 70 matrículas regulares de primer año en 2026.
"U (otras)",UNIVERSIDAD CATOLICA DE LA SANTISIMA CONCEPCION,UNIVERSIDAD CATOLICA DE LA SANTISIMA CONCEPCION,742,42,2026,Activo 2026,Grupo exclusivamente universitario con menos de 70 matrículas regulares de primer año en 2026.
"U (otras)",UNIVERSIDAD DE SANTIAGO DE CHILE,UNIVERSIDAD DE SANTIAGO DE CHILE,710,0,2026,Activo 2026,Grupo exclusivamente universitario con menos de 70 matrículas regulares de primer año en 2026.
"U (otras)",UNIVERSIDAD BERNARDO O'HIGGINS,UNIVERSIDAD BERNARDO O'HIGGINS,441,0,2026,Activo 2026,Grupo exclusivamente universitario con menos de 70 matrículas regulares de primer año en 2026.
"U (otras)",UNIVERSIDAD ALBERTO HURTADO,UNIVERSIDAD ALBERTO HURTADO,379,0,2026,Activo 2026,Grupo exclusivamente universitario con menos de 70 matrículas regulares de primer año en 2026.
"U (otras)",UNIVERSIDAD CATOLICA CARDENAL RAUL SILVA HENRIQUEZ,UNIVERSIDAD CATOLICA CARDENAL RAUL SILVA HENRIQUEZ,264,0,2026,Activo 2026,Grupo exclusivamente universitario con menos de 70 matrículas regulares de primer año en 2026.
"U (otras)",UNIVERSIDAD METROPOLITANA DE CIENCIAS DE LA EDUCACION,UNIVERSIDAD METROPOLITANA DE CIENCIAS DE LA EDUCACION,181,0,2026,Activo 2026,Grupo exclusivamente universitario con menos de 70 matrículas regulares de primer año en 2026.
"U (otras)",UNIVERSIDAD ACADEMIA DE HUMANISMO CRISTIANO,UNIVERSIDAD ACADEMIA DE HUMANISMO CRISTIANO,125,0,2026,Activo 2026,Grupo exclusivamente universitario con menos de 70 matrículas regulares de primer año en 2026.
"U (otras)",UNIVERSIDAD DE TALCA,UNIVERSIDAD DE TALCA,120,0,2026,Activo 2026,Grupo exclusivamente universitario con menos de 70 matrículas regulares de primer año en 2026.
"U (otras)",UNIVERSIDAD ADVENTISTA DE CHILE,UNIVERSIDAD ADVENTISTA DE CHILE,85,0,2026,Activo 2026,Grupo exclusivamente universitario con menos de 70 matrículas regulares de primer año en 2026.
"U (otras)",UNIVERSIDAD CATOLICA DEL NORTE,UNIVERSIDAD CATOLICA DEL NORTE,72,30,2026,Activo 2026,Grupo exclusivamente universitario con menos de 70 matrículas regulares de primer año en 2026.
"U (otras)",UNIVERSIDAD ARTURO PRAT,UNIVERSIDAD ARTURO PRAT,40,0,2026,Activo 2026,Grupo exclusivamente universitario con menos de 70 matrículas regulares de primer año en 2026.
"U (otras)",UNIVERSIDAD DE PLAYA ANCHA DE CIENCIAS DE LA EDUCACION,UNIVERSIDAD DE PLAYA ANCHA DE CIENCIAS DE LA EDUCACION,37,18,2026,Activo 2026,Grupo exclusivamente universitario con menos de 70 matrículas regulares de primer año en 2026.
"U (otras)",UNIVERSIDAD DEL DESARROLLO,UNIVERSIDAD DEL DESARROLLO,29,0,2026,Activo 2026,Grupo exclusivamente universitario con menos de 70 matrículas regulares de primer año en 2026.
"U (otras)",UNIVERSIDAD TECNOLOGICA METROPOLITANA,UNIVERSIDAD TECNOLOGICA METROPOLITANA,22,0,2026,Activo 2026,Grupo exclusivamente universitario con menos de 70 matrículas regulares de primer año en 2026.
"U (otras)",UNIVERSIDAD DE VALPARAISO,UNIVERSIDAD DE VALPARAISO,4,0,2026,Activo 2026,Grupo exclusivamente universitario con menos de 70 matrículas regulares de primer año en 2026.
"U (otras)",UNIVERSIDAD DE ACONCAGUA,UNIVERSIDAD DE ACONCAGUA,0,0,2026,Sin matrícula válida 2026,Grupo exclusivamente universitario con menos de 70 matrículas regulares de primer año en 2026.
"U (otras)",UNIVERSIDAD LA REPUBLICA,UNIVERSIDAD LA REPUBLICA,0,0,2026,Sin matrícula válida 2026,Grupo exclusivamente universitario con menos de 70 matrículas regulares de primer año en 2026.
