InstitucionID,Institucion,GrupoInstitucion,TipoInstitucion,ClasificacionInstitucion2,ClasificacionInstitucion3,AcreditacionInstitucional,SegmentoCompetitivo
143,IP AIEP,AIEP / U. Andrés Bello,IP,Institutos Profesionales,Institutos Profesionales,ACREDITADA,AIEP
20,UNIVERSIDAD ANDRES BELLO,AIEP / U. Andrés Bello,U,Universidades Privadas,Universidades Privadas,ACREDITADA,AIEP
959,CFT ACADEMIA CHILENA DE YOGA,CFT ACADEMIA CHILENA DE YOGA,CFT,Centros de Formación Técnica,Centros de Formación Técnica Privados,NO ACREDITADA,CFT (otros)
382,CFT ALPES,CFT ALPES,CFT,Centros de Formación Técnica,Centros de Formación Técnica Privados,ACREDITADA,CFT (otros)
534,CFT ASISTE,CFT ASISTE,CFT,Centros de Formación Técnica,Centros de Formación Técnica Privados,NO ACREDITADA,CFT (otros)
312,CFT CENCO,CFT CENCO,CFT,Centros de Formación Técnica,Centros de Formación Técnica Privados,ACREDITADA,CFT (otros)
218,CFT DE ENAC,CFT DE ENAC,CFT,Centros de Formación Técnica,Centros de Formación Técnica Privados,ACREDITADA,CFT (otros)
920,CFT DE LA REGION DE MAGALLANES Y ANTARTICA CHILENA,CFT DE LA REGION DE MAGALLANES Y ANTARTICA CHILENA,CFT,Centros de Formación Técnica,Centros de Formación Técnica Estatales,BAJO TUTELA,CFT (otros)
912,CFT DE LA REGION METROPOLITANA DE SANTIAGO,CFT DE LA REGION METROPOLITANA DE SANTIAGO,CFT,Centros de Formación Técnica,Centros de Formación Técnica Estatales,BAJO TUTELA,CFT (otros)
435,CFT DEL MEDIO AMBIENTE,CFT DEL MEDIO AMBIENTE,CFT,Centros de Formación Técnica,Centros de Formación Técnica Privados,ACREDITADA,CFT (otros)
730,CFT ESCUELA CULINARIA FRANCESA,CFT ESCUELA CULINARIA FRANCESA,CFT,Centros de Formación Técnica,Centros de Formación Técnica Privados,ACREDITADA,CFT (otros)
214,CFT INSTITUTO CENTRAL DE CAPACITACION EDUCACIONAL ICCE,CFT INSTITUTO CENTRAL DE CAPACITACION EDUCACIONAL ICCE,CFT,Centros de Formación Técnica,Centros de Formación Técnica Privados,NO ACREDITADA,CFT (otros)
257,CFT JUAN BOHON,CFT JUAN BOHON,CFT,Centros de Formación Técnica,Centros de Formación Técnica Privados,ACREDITADA,CFT (otros)
701,CFT MANPOWER,CFT MANPOWER,CFT,Centros de Formación Técnica,Centros de Formación Técnica Privados,NO ACREDITADA,CFT (otros)
319,CFT PRODATA,CFT PRODATA,CFT,Centros de Formación Técnica,Centros de Formación Técnica Privados,NO ACREDITADA,CFT (otros)
633,CFT TEODORO WICKEL KLUWEN,CFT TEODORO WICKEL KLUWEN,CFT,Centros de Formación Técnica,Centros de Formación Técnica Privados,ACREDITADA,CFT (otros)
426,CFT ESCUELA DE COMERCIO,ECS,CFT,Centros de Formación Técnica,Centros de Formación Técnica Privados,ACREDITADA,ECS
171,IP ESCUELA DE COMERCIO DE SANTIAGO,ECS,IP,Institutos Profesionales,Institutos Profesionales,ACREDITADA,ECS
430,CFT INACAP,INACAP,CFT,Centros de Formación Técnica,Centros de Formación Técnica Privados,ACREDITADA,INACAP
100,IP INACAP,INACAP,IP,Institutos Profesionales,Institutos Profesionales,ACREDITADA,INACAP
108,IP CHILENO BRITANICO DE CULTURA,IP CHILENO BRITANICO DE CULTURA,IP,Institutos Profesionales,Institutos Profesionales,NO ACREDITADA,Otros competidores
123,IP DE CHILE,IP DE CHILE,IP,Institutos Profesionales,Institutos Profesionales,ACREDITADA,IP DE CHILE
176,IP DEL VALLE CENTRAL,IP DEL VALLE CENTRAL,IP,Institutos Profesionales,Institutos Profesionales,NO ACREDITADA,Otros competidores
120,IP DIEGO PORTALES,IP DIEGO PORTALES,IP,Institutos Profesionales,Institutos Profesionales,NO ACREDITADA,Otros competidores
139,IP DR. VIRGINIO GOMEZ G.,IP DR. VIRGINIO GOMEZ G.,IP,Institutos Profesionales,Institutos Profesionales,ACREDITADA,Otros competidores
111,IP DUOC UC,IP DUOC UC,IP,Institutos Profesionales,Institutos Profesionales,ACREDITADA,DUOC UC
137,IP EATRI,IP EATRI,IP,Institutos Profesionales,Institutos Profesionales,ACREDITADA,Otros competidores
754,IP ESCUELA DE MARINA MERCANTE PILOTO PARDO,IP ESCUELA DE MARINA MERCANTE PILOTO PARDO,IP,Institutos Profesionales,Institutos Profesionales,NO ACREDITADA,Otros competidores
129,IP ESCUELA MODERNA DE MUSICA,IP ESCUELA MODERNA DE MUSICA,IP,Institutos Profesionales,Institutos Profesionales,ACREDITADA,Otros competidores
117,IP IACC,IP IACC,IP,Institutos Profesionales,Institutos Profesionales,ACREDITADA,IACC
113,IP IPG,IP IPG,IP,Institutos Profesionales,Institutos Profesionales,ACREDITADA,IPG
152,IP LATINOAMERICANO DE COMERCIO EXTERIOR - IPLACEX,IP LATINOAMERICANO DE COMERCIO EXTERIOR - IPLACEX,IP,Institutos Profesionales,Institutos Profesionales,ACREDITADA,IPLACEX
101,IP LIBERTADOR DE LOS ANDES,IP LIBERTADOR DE LOS ANDES,IP,Institutos Profesionales,Institutos Profesionales,NO ACREDITADA,Otros competidores
693,IP PROJAZZ,IP PROJAZZ,IP,Institutos Profesionales,Institutos Profesionales,ACREDITADA,Otros competidores
106,IP PROVIDENCIA,IP PROVIDENCIA,IP,Institutos Profesionales,Institutos Profesionales,ACREDITADA,IPP
629,CFT PUCV,PUCV,CFT,Centros de Formación Técnica,Centros de Formación Técnica Privados,ACREDITADA,CFT (otros)
89,PONTIFICIA UNIVERSIDAD CATOLICA DE VALPARAISO,PUCV,U,Universidades CRUCH,Universidades Privadas CRUCH,ACREDITADA,PUCV
162,IP SAN SEBASTIAN,San Sebastián,IP,Institutos Profesionales,Institutos Profesionales,ACREDITADA,San Sebastián
39,UNIVERSIDAD SAN SEBASTIAN,San Sebastián,U,Universidades Privadas,Universidades Privadas,ACREDITADA,San Sebastián
260,CFT SANTO TOMAS,Santo Tomás,CFT,Centros de Formación Técnica,Centros de Formación Técnica Privados,ACREDITADA,SANTO TOMÁS
116,IP SANTO TOMAS,Santo Tomás,IP,Institutos Profesionales,Institutos Profesionales,ACREDITADA,SANTO TOMÁS
13,UNIVERSIDAD SANTO TOMAS,Santo Tomás,U,Universidades Privadas,Universidades Privadas,ACREDITADA,SANTO TOMÁS
11,UNIVERSIDAD ACADEMIA DE HUMANISMO CRISTIANO,UNIVERSIDAD ACADEMIA DE HUMANISMO CRISTIANO,U,Universidades Privadas,Universidades Privadas,ACREDITADA,U (otras)
38,UNIVERSIDAD ADVENTISTA DE CHILE,UNIVERSIDAD ADVENTISTA DE CHILE,U,Universidades Privadas,Universidades Privadas,ACREDITADA,U (otras)
69,UNIVERSIDAD ALBERTO HURTADO,UNIVERSIDAD ALBERTO HURTADO,U,Universidades CRUCH,Universidades Privadas CRUCH,ACREDITADA,U (otras)
81,UNIVERSIDAD ARTURO PRAT,UNIVERSIDAD ARTURO PRAT,U,Universidades CRUCH,Universidades Estatales CRUCH,ACREDITADA,U (otras)
31,UNIVERSIDAD AUTONOMA DE CHILE,UNIVERSIDAD AUTONOMA DE CHILE,U,Universidades Privadas,Universidades Privadas,ACREDITADA,UNIVERSIDAD AUTONOMA DE CHILE
50,UNIVERSIDAD BERNARDO O'HIGGINS,UNIVERSIDAD BERNARDO O'HIGGINS,U,Universidades Privadas,Universidades Privadas,ACREDITADA,U (otras)
42,UNIVERSIDAD CATOLICA CARDENAL RAUL SILVA HENRIQUEZ,UNIVERSIDAD CATOLICA CARDENAL RAUL SILVA HENRIQUEZ,U,Universidades Privadas,Universidades Privadas,ACREDITADA,U (otras)
93,UNIVERSIDAD CATOLICA DE LA SANTISIMA CONCEPCION,UNIVERSIDAD CATOLICA DE LA SANTISIMA CONCEPCION,U,Universidades CRUCH,Universidades Privadas CRUCH,ACREDITADA,U (otras)
91,UNIVERSIDAD CATOLICA DEL NORTE,UNIVERSIDAD CATOLICA DEL NORTE,U,Universidades CRUCH,Universidades Privadas CRUCH,ACREDITADA,U (otras)
4,UNIVERSIDAD CENTRAL DE CHILE,UNIVERSIDAD CENTRAL DE CHILE,U,Universidades Privadas,Universidades Privadas,ACREDITADA,U (otras)
46,UNIVERSIDAD DE ACONCAGUA,UNIVERSIDAD DE ACONCAGUA,U,Universidades Privadas,Universidades Privadas,NO ACREDITADA,U (otras)
26,"UNIVERSIDAD DE ARTES, CIENCIAS Y COMUNICACION - UNIACC","UNIVERSIDAD DE ARTES, CIENCIAS Y COMUNICACION - UNIACC",U,Universidades Privadas,Universidades Privadas,ACREDITADA,"UNIVERSIDAD DE ARTES, CIENCIAS Y COMUNICACION - UNIACC"
19,UNIVERSIDAD DE LAS AMERICAS,UNIVERSIDAD DE LAS AMERICAS,U,Universidades Privadas,Universidades Privadas,ACREDITADA,UNIVERSIDAD DE LAS AMERICAS
83,UNIVERSIDAD DE PLAYA ANCHA DE CIENCIAS DE LA EDUCACION,UNIVERSIDAD DE PLAYA ANCHA DE CIENCIAS DE LA EDUCACION,U,Universidades CRUCH,Universidades Estatales CRUCH,ACREDITADA,U (otras)
71,UNIVERSIDAD DE SANTIAGO DE CHILE,UNIVERSIDAD DE SANTIAGO DE CHILE,U,Universidades CRUCH,Universidades Estatales CRUCH,ACREDITADA,U (otras)
78,UNIVERSIDAD DE TALCA,UNIVERSIDAD DE TALCA,U,Universidades CRUCH,Universidades Estatales CRUCH,ACREDITADA,U (otras)
72,UNIVERSIDAD DE VALPARAISO,UNIVERSIDAD DE VALPARAISO,U,Universidades CRUCH,Universidades Estatales CRUCH,ACREDITADA,U (otras)
22,UNIVERSIDAD DE VIÑA DEL MAR,UNIVERSIDAD DE VIÑA DEL MAR,U,Universidades Privadas,Universidades Privadas,ACREDITADA,UNIVERSIDAD DE VIÑA DEL MAR
9,UNIVERSIDAD DEL ALBA,UNIVERSIDAD DEL ALBA,U,Universidades Privadas,Universidades Privadas,ACREDITADA,U (otras)
45,UNIVERSIDAD DEL DESARROLLO,UNIVERSIDAD DEL DESARROLLO,U,Universidades Privadas,Universidades Privadas,ACREDITADA,U (otras)
1,UNIVERSIDAD GABRIELA MISTRAL,UNIVERSIDAD GABRIELA MISTRAL,U,Universidades Privadas,Universidades Privadas,ACREDITADA,U (otras)
16,UNIVERSIDAD LA REPUBLICA,UNIVERSIDAD LA REPUBLICA,U,Universidades Privadas,Universidades Privadas,NO ACREDITADA,U (otras)
10,UNIVERSIDAD MAYOR,UNIVERSIDAD MAYOR,U,Universidades Privadas,Universidades Privadas,ACREDITADA,UNIVERSIDAD MAYOR
82,UNIVERSIDAD METROPOLITANA DE CIENCIAS DE LA EDUCACION,UNIVERSIDAD METROPOLITANA DE CIENCIAS DE LA EDUCACION,U,Universidades CRUCH,Universidades Estatales CRUCH,ACREDITADA,U (otras)
68,UNIVERSIDAD MIGUEL DE CERVANTES,UNIVERSIDAD MIGUEL DE CERVANTES,U,Universidades Privadas,Universidades Privadas,ACREDITADA,UNIVERSIDAD MIGUEL DE CERVANTES
17,UNIVERSIDAD SEK,UNIVERSIDAD SEK,U,Universidades Privadas,Universidades Privadas,ACREDITADA,UNIVERSIDAD SEK
85,UNIVERSIDAD TECNOLOGICA METROPOLITANA,UNIVERSIDAD TECNOLOGICA METROPOLITANA,U,Universidades CRUCH,Universidades Estatales CRUCH,ACREDITADA,U (otras)
