Termino,Definicion,FormulaRegla,Fuente,Advertencia,IntegrantesBase2026
Universo SIES,"Matrícula de pregrado de instituciones tipo IP, CFT y Universidad, en modalidad No Presencial o Semipresencial.","Se excluyen presencial, posgrado y postítulo.",SIES — Matrícula en Educación Superior 2023–2026,El informe contiene exclusivamente datos agregados provenientes de SIES.,No aplica
Matrícula total,Suma de TOTAL MATRÍCULA en el universo filtrado.,SUM(FactMatricula[TotalMatricula]),SIES,"Sin filtro de año, las medidas muestran automáticamente el último año disponible: 2026.",No aplica
Matrícula primer año,Suma de TOTAL MATRÍCULA PRIMER AÑO; los valores vacíos se tratan como cero.,SUM(FactMatricula[PrimerAnio]),SIES,Se usa la definición informada por SIES.,No aplica
Grupo de plan,"Clasificación ejecutiva de los tipos de plan SIES en Regular, Continuidad y Otros.",Regular = Plan Regular; Continuidad = Plan Especial + Plan Regular de Continuidad; Otros = cualquier valor no mapeado,Regla metodológica del informe,"Con la fuente actual, Otros suma cero.",No aplica
Regular Total,Matrícula total de registros clasificados en el grupo Regular.,Total cuando TipoPlan = Plan Regular,SIES + regla del informe,Primer año es un subconjunto de este total.,No aplica
Regular 1er año,Matrícula de primer año de registros clasificados en el grupo Regular.,Primer año cuando TipoPlan = Plan Regular,SIES + regla del informe,No se suma a Regular Total.,No aplica
Continuidad Total,Matrícula total de Plan Especial y Plan Regular de Continuidad.,"Total cuando TipoPlan IN {Plan Especial, Plan Regular de Continuidad}",SIES + regla del informe,Es el total del macrogrupo Continuidad.,No aplica
Continuidad 1er año,Matrícula de primer año de Plan Especial y Plan Regular de Continuidad.,"Primer año cuando TipoPlan IN {Plan Especial, Plan Regular de Continuidad}",SIES + regla del informe,Plan Regular de Continuidad informa cero primer año; el valor actual proviene de Plan Especial.,No aplica
Otros Total,Matrícula total de tipos de plan no clasificados como Regular ni Continuidad.,Total cuando GrupoPlan = Otros,Cálculo PBIP,Actualmente es cero; no confundir con grupos competitivos residuales.,No aplica
Otros 1er año,Matrícula de primer año de tipos de plan no clasificados como Regular ni Continuidad.,Primer año cuando GrupoPlan = Otros,Cálculo PBIP,Actualmente es cero; no se calcula como residuo de alumnos.,No aplica
Otros competidores,Grupos IP no nominados con menos de 900 matrículas de primer año en la base fija 2026.,P1 2026 < 900; membresía fija,Cálculo PBIP,"Las matrículas responden a filtros, pero la membresía no cambia.",IP DIEGO PORTALES; IP EATRI; IP DR. VIRGINIO GOMEZ G.; IP PROJAZZ; IP CHILENO BRITANICO DE CULTURA; IP ESCUELA MODERNA DE MUSICA; IP ESCUELA DE MARINA MERCANTE PILOTO PARDO
CFT (otros),CFT que no pertenecen a una marca competitiva nominada.,Tipo institución = CFT y sin marca nominada,Cálculo PBIP,La pestaña Glosario muestra su total y P1 base 2026.,CFT CENCO; CFT MANPOWER; PUCV; CFT DE ENAC; CFT DEL MEDIO AMBIENTE; CFT PRODATA; CFT ALPES; CFT ACADEMIA CHILENA DE YOGA; CFT JUAN BOHON; CFT DE LA REGION DE MAGALLANES Y ANTARTICA CHILENA; CFT ESCUELA CULINARIA FRANCESA
U (otras),Grupos exclusivamente universitarios no nominados con menos de 70 matrículas de primer año en la base fija 2026.,P1 2026 < 70; membresía fija,Cálculo PBIP,"Las matrículas responden a filtros, pero la membresía no cambia.",UNIVERSIDAD CATOLICA DE LA SANTISIMA CONCEPCION; UNIVERSIDAD GABRIELA MISTRAL; UNIVERSIDAD DE PLAYA ANCHA DE CIENCIAS DE LA EDUCACION; UNIVERSIDAD CENTRAL DE CHILE; UNIVERSIDAD DE VALPARAISO; UNIVERSIDAD BERNARDO O'HIGGINS; UNIVERSIDAD ALBERTO HURTADO; UNIVERSIDAD CATOLICA CARDENAL RAUL SILVA HENRIQUEZ; UNIVERSIDAD METROPOLITANA DE CIENCIAS DE LA EDUCACION; UNIVERSIDAD DE TALCA; UNIVERSIDAD ARTURO PRAT; UNIVERSIDAD DEL DESARROLLO; UNIVERSIDAD TECNOLOGICA METROPOLITANA
Plan Regular,Subgrupo SIES que compone el grupo Regular.,TIPO DE PLAN DE LA CARRERA = Plan Regular,SIES,Visible como subgrupo de plan.,No aplica
Plan Especial,Subgrupo SIES incluido en el macrogrupo Continuidad para este informe.,TIPO DE PLAN DE LA CARRERA = Plan Especial,SIES + regla del informe,Puede informar matrícula de primer año.,No aplica
Plan Regular de Continuidad,Subgrupo SIES incluido en el macrogrupo Continuidad.,TIPO DE PLAN DE LA CARRERA = Plan Regular de Continuidad,SIES,SIES informa cero matrícula de primer año para este tipo de plan.,No aplica
Regla de consistencia,"Se revisa cada institución por año. Se incluye si informa al menos una matrícula de primer año. Si informa cero, solo se mantiene cuando toda su matrícula es Plan Regular de Continuidad.",Válida si P1 > 0 o no existe matrícula en Plan Regular o Plan Especial,Regla heredada de calcular_rector.py,Las exclusiones quedan en AuditoriaExclusiones. La excepción no usa el nuevo macrogrupo Continuidad.,No aplica
ECS,Grupo compuesto por IP Escuela de Comercio de Santiago y CFT Escuela de Comercio.,Agrupación por nombre de institución,SIES,Todos los años 2023–2026 se calculan exclusivamente con SIES.,IP Escuela de Comercio de Santiago; CFT Escuela de Comercio
Modalidad,Modalidades estándar incluidas: No Presencial y Semipresencial.,Filtro DimModalidad[Modalidad],SIES,"Semipresencial puede presentarse con jornadas Diurna, Vespertina, Otra o Semipresencial.",No aplica
Jornada,"Jornada declarada por SIES: A Distancia, Semipresencial, Vespertina, Diurna u Otra.",Filtro DimJornada[Jornada],SIES,La combinación predominante de No Presencial es A Distancia.,No aplica
Ranking P1 IP+CFT,Posición del grupo institucional según matrícula de primer año en IP y CFT.,RANKX descendente sobre grupos institucionales,Cálculo PBIP,"Respeta filtros de año, modalidad, jornada y subgrupo de plan.",No aplica
